- Default Ticket Status<br>,- Varsayılan Talep Durumu<br>,
- Ticket Reopen Status<br>,- Yeniden Açma Durumu<br>,
- {0} as Default Status<br>,- Varsayılan Durum olarak {0}<br>,
- {0} as Reopen Status<br>,- Yeniden Açma Durumu olarak {0}<br>,
"0 is no feedback, 1 is Like, 2 is Dislike","0 geri bildirim yok, 1 Beğeni, 2 Beğenmeme",
<br>Please update HD Settings to use a different status before disabling this status.,<br>Bu durumu devre dışı bırakmadan önce farklı bir durumu kullanmak için HD Ayarlarını güncelleyin.,
<br>Please update the SLA(s) to use a different status before disabling this status.,<br>Bu durumu devre dışı bırakmadan önce farklı bir durum kullanmak için SLA(leri) güncelleyin.,
"<span class=\""h3\"" style=\""\""><a href=\""/helpdesk\"">Visit Helpdesk</a></span>",<span class=\,
"<span class=\""h4\"">Helpdesk Configuration<br></span>",<span class=\,
Access denied,Erişim reddedildi,
Acknowledgement,Alındı,
Action,İşlem,
Action Required,İşlem Gerekli,
Action to perform when clicking the button. The doc will be available as `this`,Butona tıklandığında yapılacak işlem. Belge `this` olarak mevcut olacaktır,
Add a comment on a ticket,Talebe yorum ekleyin,
Add a condition,Bir koşul ekle,
Add a custom condition,Özel koşul ekle,
Add Account,Hesap Ekle,
Add Agents,Temsilci Ekle,
Add Assignee,Atanan Ekle,
Add condition,Koşul ekle,
Add row,Satır ekle,
Add to Holidays,Tatillere Ekle,
Add Weekly Holidays,Haftalık Tatilleri Ekle,
"Add, manage agents and assign roles to them.","Temsilci ekleyin, yönetin ve onlara roller atayın.",
Additional Information,Ek Bilgiler,
Administrator,Yönetici,
Agent,Temsilci,
Agent Configuration,Temsilci Yapılandırması,
Agent Manager,Temsilci Yöneticisi,
Agent Name,Temsilci Adı,
Agent settings,Temsilci ayarları,
Agents,Temsilciler,
Agents & Teams,Temsilciler & Takımlar,
AI Insights,Yapay Zeka İçgörüleri,
AI Reply Suggestion,Yapay Zeka Yanıt Önerisi,
AI Summary,Yapay Zeka Özeti,
All,Tümü,
All available priorities have already been added,Tüm mevcut öncelikler zaten eklendi,
All Views,Tüm Görünümler,
Allow anyone to create tickets,Herkesin talep oluşturmasına izin ver,
Amber,Kehribar,
Apply on new page,Yeni sayfada uygula,
Apply SLA for Resolution Time,Çözüm Süresi için SLA'yı Uygulayın,
Apply To,Uygula,
Apply to customer portal,Müşteri portalına uygula,
Apps,Uygulamalar,
Archived,Arşivlendi,
Are you sure you want to change tabs? Unsaved changes will be lost.,Sekmeyi değiştirmek istediğinizden emin misiniz? Kaydedilmemiş değişiklikler kaybolacak.,
Are you sure you want to go back? Unsaved changes will be lost.,Geri dönmek istediğinizden emin misiniz? Kaydedilmemiş değişiklikler kaybolacak.,
Are you sure you want to reset the content? Current content will be overridden.,İçeriği sıfırlamak istediğinize emin misiniz? Mevcut içerik üzerine yazılacaktır.,
Article,Makale,
Assign a ticket to an agent,Talebi bir temsilciye atayın,
Assign to,Şuna ata,
Assign to me,Bana Ata,
Assigned To,Atanan,
assigned you a ticket,size bir talep atandı,
Assignee,Atanan,
Assignee Rules,Atama Kuralları,
Assignees,Atananlar,
Assignment,Atama,
Assignment condition,Atama koşulu,
Assignment Conditions,Atama Koşulları,
Assignment Rule,Atama Kuralı,
Assignment rule,Atama kuralı,
Assignment Rules,Atama Kuralları,
Assignment rules,Atama kuralları,
Assignment Rules automatically route tickets to the right team members based on predefined conditions.,"Atama Kuralları, önceden tanımlı koşullara göre talepleri doğru ekip üyelerine otomatik olarak yönlendirir.",
Assignment Schedule,Atama Zamanlaması,
At least one enabled status for <u>{0}</u> category must be enabled.,<u>{0}</u> kategorisi için en az bir etkin durum etkin olmalıdır.,
"At-least one of priority, team and ticket type is required","Öncelik, ekip veya talep türünden en az biri gereklidir",
Attachment,Ek,
Author,Yazar,
Auto update status,Durumu otomatik güncelle,
Auto-close after (Days),Otomatik kapatma (Gün),
Auto-generated from the portal view — do not edit directly unless you know what you're doing! ,Portal görünümünden otomatik oluşturuldu — ne yaptığınızı bilmiyorsanız doğrudan düzenlemeyin! ,
Automatically Close Tickets when,Aşağıdaki durumda Talepleri Otomatik Kapat,
Automation,Otomasyon,
Average Response Time,Ortalama Yanıt Süresi,
back to email event list,e-posta olay listesine geri dön,
Base Support Rotation,Temel Destek Rotasyonu,
Base URL,Temel URL,
Based On,Buna göre,
"Based on your HR Policy, select your leave allocation period's end date",İnsan Kaynakları Politikanıza göre izin tahsis döneminizin bitiş tarihini seçin,
"Based on your HR Policy, select your leave allocation period's start date",İnsan Kaynakları Politikanıza göre izin tahsis döneminizin başlangıç tarihini seçin,
Black,Siyah,
Blue,Mavi,
Branding,Markalama,
Button,Buton,
Call Details,Çağrı Ayrıntıları,
Call duration in seconds,Arama süresi (saniye),
Call Logs,Arama Kayıtları,
Can not send email. No sender email set up!,E-posta gönderilemiyor. Gönderen e-postası ayarlı değil!,
Canned Responses,Hazır Yanıtlar,
Canned responses,Hazır Yanıtlar,
Cannot delete the default SLA. At least one SLA must be marked as default.,Varsayılan SLA silinemez. En az bir SLA varsayılan olarak işaretlenmelidir.,
Cannot disable this status as it is linked in HD Settings:<br><br>,Bu durum HD Ayarlarında bağlantılı olduğu için devre dışı bırakılamaz:<br><br>,
Cannot disable this status as it is linked in the following SLAs:<br><br>,Bu durum aşağıdaki SLA'lerde bağlantılı olduğu için devre dışı bırakılamaz:<br><br>,
Cannot merge General category,Genel kategori birleştirilemez,
Category,Kategori,
Category must have atleast one article,Kategori en az bir makaleye sahip olmalıdır,
Channels,Kanallar,
Choose how tickets are distributed among selected assignees.,Taleplerin seçili atananlar arasında nasıl dağıtılacağını seçin.,
Choose the days of the week when this rule should be active.,Bu kuralın etkin olacağı hafta günlerini seçin.,
Choose which tickets are affected by this assignment rule.,Bu atama kuralından hangi taleplerin etkileneceğini seçin.,
Choose which tickets are affected by this un-assignment rule.,Bu atama kaldırma kuralından hangi taleplerin etkileneceğini seçin.,
Choose who receives the tickets.,Talepleri kimin alacağını seçin.,
Clear Table,Tabloyu Temizle,
Click on Add to Holidays. This will populate the holidays table with all the dates that fall on the selected weekly off. Repeat the process for populating the dates for all your weekly holidays,"Tatillere Ekle'ye tıklayın. Bu işlem, tatiller tablosunu seçilen haftalık izin gününe denk gelen tüm tarihlerle dolduracaktır. Tüm haftalık tatillerinizin tarihlerini doldurmak için işlemi tekrarlayın",
Close,Kapat,
Closed or rated tickets cannot be updated by non-agents,"Kapalı veya derecelendirilmiş talepler, temsilci olmayanlar tarafından güncellenemez",
Collapse,Daralt,
Color,Renk,
Columns,Sütunlar,
Comment,Yorum,
Commented By,Yorumlayan,
Condition,Koşul,
Configure your agent’s telephony details.,Temsilcinizin telefon ayrıntılarını yapılandırın.,
Connect your support email,Destek e-postanızı bağlayın,
Contact,Kişi,
Contact HTML,İletişim HTML'si,
Contact with us,Bizimle iletişime geçin,
Contacts,Kişiler,
Content,İçerik,
Content Type,İçerik Türü,
Could not an email due to: {0},Şu nedenle e-posta gönderilemedi: {0},
Could not send an acknowledgement email due to: {0},Şu nedenle alındı e-postası gönderilemedi: {0},
"Could not send feedback email,due to: {0}",Şu nedenle geri bildirim e-postası gönderilemedi: {0},
Create,Oluştur,
Create & invite a contact,Kişi oluşturun ve davet edin,
Create a ticket,Bir talep oluşturun,
Create an article,Bir makale oluşturun,
Create new,Yeni oluştur,
Create View,Görünüm Oluştur,
Creating a ticket,Talep oluşturma,
Criterion,Kriter,
Custom Actions,Özel İşlemler,
Custom Views,Özel Görünümler,
Customer,Müşteri,
Customer Name,Müşteri Adı,
Customer Portal,Müşteri Portalı,
Customer portal,Müşteri portalı,
Customers,Müşteriler,
Customers & Contacts,Müşteriler & Kişiler,
Customizations,Özelleştirmeler,
Customize your email notification preferences to stay informed about important updates and activities.,Önemli güncellemeler ve aktivitelerden haberdar olmak için e-posta bildirim tercihlerinizi özelleştirin.,
customize {0},{0}'ı özelleştir,
Cyan,Açık Mavi,
Dashboard,Gösterge Paneli,
Date,Tarih,
Day count for auto closing tickets cannot be negative or zero,Talepleri otomatik kapatma gün sayısı negatif veya sıfır olamaz,
Default Inbox,Varsayılan Gelen Kutusu,
Default Priority,Varsayılan Öncelik,
Default priority,Varsayılan öncelik,
Default Sending,Varsayılan Gönderim,
Default Sending and Inbox,Varsayılan Gönderim ve Gelen Kutusu,
Default SLA,Varsayılan SLA,
Default template can not be deleted,Varsayılan şablon silinemez,
Default Ticket Status,Varsayılan Talep Durumu,
Default ticket status,Varsayılan talep durumu,
Default ticket type,Varsayılan talep türü,
Default Views,Varsayılan Görünüm,
Define who receives the tickets and how they’re distributed among agents.,Talepleri kimin alacağını ve ajanlar arasında nasıl dağıtılacağını tanımlayın.,
Description,Açıklama,
Description Template,Açıklama Şablonu,
Description Weight,Açıklama Ağırlığı,
Details,Ayrıntılar,
Do not apply filters and restrictions to agents of this team,Bu ekibin temsilcilerine filtre ve kısıtlamaları uygulama,
Do not restrict tickets without a Team,Ekibi olmayan talepleri kısıtlama,
Docs,Dokümanlar,
Draft,Taslak,
Due in {0},Son tarih {0} içinde,
Duplicate,Kopyala,
Duplicate Assignment Rule,Atama Kuralını Kopyala,
Effort Band,Efor Bandı,
Effort Score,Efor Skoru,
Email,E-posta,
Email Account,E-posta Hesabı,
Email Accounts,E-posta Hesapları,
Email Content,E-posta İçeriği,
Email Notifications,E-posta Bildirimleri,
Enable feedback for Customer Portal,Müşteri Portalı için geri bildirimi etkinleştir,
Enabled,Etkin,
End Date,Bitiş Tarihi,
End Time,Bitiş Zamanı,
Enter a name for this HD Service Holiday List.,Bu HD Hizmet Tatil Listesi için bir ad girin.,
Error moving article to category,Makaleyi kategoriye taşırken hata,
Error while connecting to email account {0},E-posta hesabına bağlanırken hata oluştu {0},
Escalation rule already exists for this criteria,Bu ölçüt için bir yükseltme kuralı zaten var,
Expand,Genişlet,
Expected First Response,Beklenen İlk Yanıt,
Explore customer portal,Müşteri portalını keşfedin,
External link,Harici bağlantı,
Failed,Başarısız,
Failed by {0},{0} itibarıyla başarısız,
Feedback,Geri Bildirim,
Feedback ,Geri Bildirim ,
Feedback (Extra),Geri Bildirim (Ek),
Feedback (Option),Geri Bildirim (Seçenek),
Feedback Already Exists,Geri Bildirim Zaten Var,
Feedback email has been sent to the customer,Geri bildirim e-postası müşteriye gönderildi,
Feedback Rating,Geri Bildirim Puanı,
Field (fieldname),Alan (fieldname),
Field `{0}` does not exist in Ticket,Alan `{0}` Talep içinde mevcut değil,
Field `{0}` is not allowed in Ticket Template,"Alan `{0}`, Talep Şablonunda kullanılamaz",
Field Dependency,Alan Bağımlılığı,
Fields,Alanlar,
Filter,Filtre,
Filters,Filtreler,
Find out all of the variables that can be used in the content,İçerikte kullanılabilecek tüm değişkenleri öğrenin,
First Responded On,İlk Yanıt Tarihi,
First Response,İlk Yanıt,
First response,İlk yanıt,
First Response Due,İlk Yanıt Son Tarihi,
First Response Time,İlk Yanıt Süresi,
First response time,İlk yanıt süresi,
First Response Time for Tickets,Talepler için İlk Müdahale Süresi,
Frappe Helpdesk Mobile,Helpdesk Mobil,
Friday,Cuma,
From,Gönderen,
From Date,Başlangıç Tarihi,
Fulfilled,Karşılandı,
Fulfilled in {0},{0} içinde karşılandı,
General category can't be deleted,Genel kategori silinemez,
General category name can't be changed,Genel kategori adı değiştirilemez,
General Settings,Genel Ayarlar,
Getting Started,Hızlı Başlangıç,
Gray,Gri,
Green,Yeşil,
Group By,Grup,
Group By Field,Gruplama Alanı,
Guest,Ziyaretçi,
has made a call,bir arama yaptı,
has reached out,iletişime geçti,
has reopened the ticket,talebi yeniden açtı,
HD Action,HD İşlem,
HD Agent,HD Temsilci,
HD Article,HD Makale,
HD Article Category,HD Makale Kategorisi,
HD Article Feedback,HD Makale Geri Bildirimi,
HD Canned Response,HD Hazır Yanıtlar,
HD Customer,HD Müşteri,
HD Desk Account Request,HD Desk Hesap Talebi,
Urgent,Acil,
HD Email Feedback,HD E-posta Geri Bildirimi,
HD Escalation Rule,HD Yükseltme Kuralı,
HD Form Script,HD Form Betiği,
HD Holiday,HD Tatil,
HD Notification,HD Bildirim,
HD Organization,HD Organizasyon,
HD Organization Contact Item,HD Organizasyon İrtibat Öğesi,
HD Portal Signup Request,HD Portal Kayıt Talebi,
HD Service Day,HD Hizmet Günü,
HD Service Holiday List,HD Hizmet Tatil Listesi,
HD Service Level Agreement,HD Hizmet Seviyesi Anlaşması,
HD Service Level Priority,HD Hizmet Seviyesi Önceliği,
HD Settings,HD Ayarları,
HD Stopword,HD Stop Kelimesi,
HD Support Search Source,HD Destek Arama Kaynağı,
HD Synonym,HD Eş Anlamlı,
HD Synonyms,HD Eş Anlamlılar,
HD Team,HD Ekip,
HD Team Member,HD Ekip Üyesi,
HD Ticket,HD Talep,
HD Ticket Activity,HD Talep Aktivitesi,
HD Ticket Comment,HD Talep Yorumu,
HD Ticket Feedback Option,HD Talep Geri Bildirim Seçeneği,
HD Ticket Priority,HD Talep Önceliği,
HD Ticket Status,Talep Durumu,
HD Ticket Template,HD Talep Şablonu,
HD Ticket Template Field,HD Talep Şablonu Alanı,
HD Ticket Type,HD Talep Türü,
HD View,HD Görünüm,
Headings Weight,Başlık Ağırlığı,
Help,Yardım,
HelpDesk,Yardım Masası,
Helpdesk,Yardım Masası,
Helpdesk Contact,Yardım Masası İrtibatı,
Helpdesk Reports,Yardım Masası Raporları,
Edit Canned Response,Hazır Yanıtı Düzenle,
Create Canned Response,Hazır Yanıt Oluştur,
here,burada,
"Here, your weekly offs are pre-populated based on the previous selections. You can add more rows to also add public and national holidays individually.","Burada, haftalık izinleriniz önceki seçimlere göre önceden doldurulur. Resmi ve ulusal tatilleri ayrı ayrı eklemek için daha fazla satır ekleyebilirsiniz.",
Hide condition,Gizleme koşulu,
Hide from customer,Müşteriden gizle,
High,Yüksek,
Holiday List,Tatil Listesi,
Holiday List Name,Tatil Listesi Adı,
Holidays,Tatiller,
Icon,Simge,
"If enabled, a ticket creation acknowledgement email will be sent to the user right after creating an email ticket","Etkinleştirilirse, e-posta talebi oluşturulduktan hemen sonra kullanıcıya bir alındı e-postası gönderilir",
"If enabled, an email is sent to all of the recipients associated with an agent's reply","Etkinleştirilirse, bir temsilcinin yanıtıyla ilişkili tüm alıcılara e-posta gönderilir",
"If enabled, an email will be sent to all of the assigned agents after a reply from one of the contacts","Etkinleştirilirse, kişilerden birinden yanıt geldiğinde atanan tüm temsilcilere e-posta gönderilir",
"If enabled, anyone will be able to create tickets (without any permission). ","Etkinleştirilirse, herkes (herhangi bir izne gerek olmadan) talep oluşturabilir. ",
"If enabled, feedback email will be sent to the customer when you mark a ticket as the status selected below.
","Etkinleştirilirse, bir talebi aşağıda seçilen duruma getirdiğinizde müşteriye geri bildirim e-postası gönderilir.
",
"If enabled, the feedback dialog will be shown, when a user tries to close a ticket. 
","Etkinleştirilirse, bir kullanıcı talebi kapatmaya çalıştığında geri bildirim iletişim kutusu gösterilir. 
",
Ignore Restrictions,Kısıtlamaları Yoksay,
Image,Resim,
"Image to be used in various places, including Login and Signup pages. An image with transparent background and 160 x 32 is preferred",Giriş ve Kayıt sayfaları dahil çeşitli yerlerde kullanılacak görsel. Şeffaf arka planlı ve 160 x 32 boyutlarında görsel tercih edilir,
Images,Resimler,
in a day,bugün,
in {0} days,{0} gün içinde,
in {0} hours,{0} saat içinde,
in {0} minutes,{0} dakika içinde,
Inbound Call,Gelen Çağrı,
Inbox,Gelen Kutusu,
Instantly send e-mail,E-postayı anında gönder,
Insufficient Permission for {0},{0} için Yetki Verilmemiş,
Integer value,Tamsayı değeri,
Introduction,Giriş,
Invalid notification,Geçersiz bildirim,
Invite agent,Temsilci davet et,
Invite agents,Temsilcileri davet edin,
IP Address,IP Adresi,
Is Active,Aktif,
Is Customer Portal,Müşteri Portalı,
Is Default,Varsayılan,
Is name setup skipped,Ad kurulumu atlandı,
Is pinned,Sabitlendi mi,
Is setup complete,Kurulum tamamlandı,
Is Standard,Standart,
Key,Anahtar,
Knowledge Base,Bilgi Merkezi,
Label,Etiket,
Label (customer view),Etiket (müşteri görünümü),
Last,Son,
Last Modified,Son Değişiklik,
Last user assigned by this rule,Bu kural tarafından en son atanan kullanıcı,
Learn about conditions,Koşullar hakkında bilgi edinin,
Link,Bağlantı,
Link Options,Bağlantı Seçenekleri,
List,Liste,
list,liste,
Listen,Dinle,
Load Default Columns,Varsayılan Sütunları Yükle,
Log out,Çıkış,
Low,Düşük,
"Lower the Integer value, higher is the priority of the issue","Tamsayı değeri ne kadar düşükse, konunun önceliği o kadar yüksektir",
Manage your email accounts and configure incoming and outgoing settings.,E-posta hesaplarınızı yönetin ve gelen/çıkan ayarlarını yapılandırın.,
Masters,Tanımlar,
Medium,Orta,
Mention,Bahsetme,
mentioned you in ticket,sizi bir talepte bahsetti,
Merged With,Şununla Birleştirildi,
Message,Mesaj,
Misc,Diğer,
Mobile App Installation,Mobil Uygulama Kurulumu,
Monday,Pazartesi,
Monthly,Aylık,
Name,Adı,
"Name shown on the customer portal<br> (e.g., Replied → Awaiting Response).",Müşteri portalında gösterilen ad<br> (ör. Yanıtlandı → Yanıt Bekleniyor).,
Name Weight,Ad Ağırlığı,
Negative,Olumsuz,
Neutral,Nötr,
New,Yeni,
New Assignment Rule Name,Yeni Atama Kuralı Adı,
New HD Ticket Status,Yeni Talep Durumu,
No assignees,Atanan yok,
No Call Logs Found,Arama Kaydı Bulunamadı,
No items in the list,Listede öğe yok,
No priorities in the list,Listede öncelik yok,
No results found,Sonuç bulunamadı,
Not Allowed,İzin Verilmiyor,
Not Specified,Belirtilmemiş,
Notification Settings,Bildirim Ayarları,
Notifications,Bildirimler,
Old Condition,Eski Koşul,
On click (Javascript),Tıklamada (Javascript),
On Hold,Beklemede,
On Hold Since,Beklemede Başlangıç,
On Ticket Status,Talep Durumunda,
Only one default view is allowed per user for {0},{0} için kullanıcı başına yalnızca bir varsayılan görünümüne izin verilir,
Only the 'color' and 'order' fields of the 'Closed' status can be modified.,Yalnızca 'Kapalı' durumunun 'renk' ve 'sıra' alanları değiştirilebilir.,
Open,Açık,
"Open: SLA continues. <br>
Paused: SLA is paused. <br>
Resolved: SLA timer stops.","Açık: SLA devam eder. <br>
Duraklatıldı: SLA duraklatılır. <br>
Çözüldü: SLA zamanlayıcısı durur.",
Opening Date,Açılış Tarihi,
Opening Time,Açılış Saati,
Orange,Turuncu,
Order,Sıra,
Order By,Sırala,
Outbound Call,Giden Çağrı,
"Parent field, child field, and parent-child mapping are required.","Üst alan, alt alan ve üst-alt eşlemesi gereklidir.",
Paused,Duraklatıldı,
Pink,Pembe,
Pinned,Sabitlendi,
Placeholder,Örnek Metin,
Please add an email account to continue.,Devam etmek için lütfen bir e-posta hesabı ekleyin.,
Please add this priority in the <a href='/app/hd-service-level-agreement'>required SLA documents</a>,Lütfen bu önceliği <a href='/app/hd-service-level-agreement'>gerekli SLA belgelerine</a> ekleyin,
Please add {0} priority in {1} SLA,Lütfen {1} SLA içine {0} önceliğini ekleyin,
Please select weekly off day,Haftalık izin gününü seçin,
Positive,Olumlu,
Post Description Key,Mesaj Açıklama Anahtarı,
Post Route Key List,Gönderi Rota Anahtar Listesi,
Post Route String,Gönderi Rota Dizesi,
Post Title Key,Gönderi Başlığı Anahtarı,
Prefer knowledge base,Bilgi merkezini tercih et,
Priorities,Öncelikler,
Priority,Öncelik,
Priority <u>{0}</u> must be included in the SLA {1}.,<u>{0}</u> önceliği {1} SLA'sına dahil edilmelidir.,
Priority {0} has been repeated.,{0} önceliği tekrarlandı.,
Private Views,Özel Görünümler,
Public,Herkese Açık,
Public Views,Herkese Açık Görünümler,
Published,Yayınlandı,
Published On,Yayınlanma Zamanı,
purple,mor,
Quarterly,3 Aylık,
Query Options,Sorgu Seçenekleri,
Query Route String,Sorgu Rota Dizesi,
Raised By (Email),Oluşturan (E-posta),
Range,Aralık,
Rating,Puan,
Rating must be between 0.2 and 1.0,Puan 0.2 ile 1.0 arasında olmalıdır,
Rating {0} is not allowed,{0} puanına izin verilmiyor,
Reaction,Tepki,
Read,Okuma,
Recurring holidays,Tekrarlayan tatiller,
Red,Kırmızı,
Reference,Referans,
Reference Ticket,Referans Talep,
References,Referanslar,
Regenerate Search Index,Arama Dizinini Yeniden Oluştur,
Reply From Agent,Temsilciden Yanıt,
Reply From Contact,Kişiden Yanıt,
Reply on a ticket,Talebe yanıt verin,
Request Key,İstek Anahtarı,
Required,Zorunlu,
Required for exotel integration,Exotel entegrasyonu için gereklidir,
Reset Content,İçeriği Sıfırla,
Reset content,İçeriği sıfırla,
Resolution,Çözüm,
Resolution By,Çözüm Süresi,
Resolution Date,Çözüm Tarihi,
Resolution Details,Çözüm Ayrıntıları,
Resolution Due,Çözüm Son Tarihi,
Resolution Time,Çözüm Süresi,
Resolution time,Çözüm süresi,
Resolved,Çözümlendi,
Response,Yanıt,
Response and Resolution,Yanıt ve Çözüm,
Response By,Yanıt Süresi,
Response Options,Yanıt Seçenekleri,
Response Result Key Path,Yanıt Sonuç Anahtar Yolu,
Response Time for {0} priority in row {1} can't be greater than Resolution Time.,"{1} satırındaki {0} önceliği için Yanıt Süresi, Çözüm Süresinden büyük olamaz.",
Restrict agent assignment to selected Team,Temsilci atamasını seçili Ekiple sınırla,
Restrict tickets by Team,Talepleri Ekibe göre kısıtla,
Result Preview Field,Sonuç Önizleme Alanı,
Result Route Field,Sonuç Rota Alanı,
Result Title Field,Sonuç Başlık Alanı,
Route Name,Rota Adı,
Rows,Satırlar,
Saturday,Cumartesi,
Save,Kaydet,
Save Changes,Değişiklikleri Kaydet,
Search,Arama,
Search Index Regenerated,Arama Dizini Yeniden Oluşturuldu,
Search Score,Arama Puanı,
Search Term Param Name,Arama Dönem Param Adı,
Select a Default Priority.,Bir Varsayılan Öncelik seçin.,
Select your weekly off day,Haftalık izin gününüzü seçin,
Send feedback when,Geri bildirimi şu durumda gönder,
Sent to all of the assigned agents after a reply from one of the contacts,Kişilerden birinin yanıtı sonrası tüm atanan temsilcilere gönderilir,
Sent to all of the recipients associated with an agent's reply,Bir temsilcinin yanıtıyla ilişkili tüm alıcılara gönderilir,
Sent to the user right after creating an email ticket,E-posta talebi oluşturulduktan hemen sonra kullanıcıya gönderilir,
Sent to the user who has raised the ticket after the ticket is closed or resolved,Talep kapatıldıktan veya çözümlendikten sonra talebi oluşturan kullanıcıya gönderilir,
Sentiment Trend,Duygu Trendi,
Service Level Agreement,Hizmet Seviyesi Anlaşması,
Service Level Name,Hizmet Seviyesi Adı,
Set Resolution Time for Priority {0} in row {1}.,{1} satırında {0} Önceliği için Çözüm Süresini ayarlayın.,
Set Response Time for Priority {0} in row {1}.,{1} satırında {0} Önceliği için Yanıt Süresini ayarlayın.,
Setting <strong>{0}</strong> as the default SLA removes <strong>{1}</strong> as the default SLA. You’ll need to add a condition in <strong>{1}</strong> for the SLA to work.,"<strong>{0}</strong> öğesini varsayılan SLA olarak ayarlamak, <strong>{1}</strong> öğesinin varsayılan SLA olmasını kaldırır. SLA'nın çalışması için <strong>{1}</strong> içinde bir koşul eklemeniz gerekecek.",
Setting up,Kurulum,
Settings,Ayarlar,
Setup,Kurulum,
Setup SLA,SLA ayarlayın,
Share Feedback,Geri Bildirim Paylaş,
Show end users a different view,Son kullanıcılara farklı bir görünüm göster,
"Simple Python Expression, Example: doc.status == 'Open' and doc.ticket_type == 'Bug'","Basit Python İfadesi, Örnek: doc.status == 'Open' ve doc.ticket_type == 'Bug'",
Skip e-mail workflow,E-posta iş akışını atla,
SLA Creation,SLA Oluşturma,
SLA Mapping,SLA Eşlemesi,
SLA Status,SLA Durumu,
Source and target category cannot be same,Kaynak ve hedef kategori aynı olamaz,
Source and target ticket cannot be same,Kaynak ve hedef talep aynı olamaz,
Source DocType,Kaynak DocType,
Source Name,Kaynak Adı,
Source ticket does not exist,Kaynak talep mevcut değil,
Source Type,Kaynak Türü,
Split and Merge,Böl ve Birleştir,
"Standard Form Scripts can't be modified, duplicate the script instead.","Standart Form Script'leri değiştirilemez, bunun yerine script'i kopyalayın.",
Start Date,Başlangıç Tarihi,
Start Time,Başlangıç Zamanı,
Start Time can't be greater than or equal to End Time in row <u>{0}</u>.,"Başlangıç Zamanı, <u>{0}</u> satırında Bitiş Zamanından büyük veya ona eşit olamaz.",
Status,Durum,
Status ,Durum ,
Status Category,Durum Kategorisi,
Status Details,Durum Ayrıntıları,
"Status of the ticket, when a customer replies on the ticket with this SLA.

If not selected, the value will be takes from HD Settings DocType.","Bu SLA ile müşteri talebe yanıt verdiğinde talebin durumu.

Seçilmezse değer HD Ayarları DocType'ından alınır.",
"Status of the ticket, when a customer replies on the ticket.",Müşteri talebe yanıt verdiğinde talebin durumu.,
"Status of the ticket, when it is created in the system with this SLA.
If not selected, the value will be taken from HD Settings DocType","Talep, bu SLA ile sistemde oluşturulduğunda talebin durumu.
Seçilmezse değer HD Ayarları DocType'ından alınır",
"Status of the ticket, when it is created in the system.",Talep sistemde oluşturulduğunda talebin durumu.,
Still got questions? We're here to assist you.,Hâlâ sorularınız mı var? Size yardımcı olmak için buradayız.,
Subject,Konu,
Subject Weight,Konu Ağırlığı,
No Tickets Found,Destek Talebi bulunamadı,
Submit,Gönder,
Summary,Özet,
Sunday,Pazar,
Support,Destek,
Support Hour Distribution,Destek Saat Dağılımı,
Support Policy,Destek Politikası,
Support Team,Destek Ekibi,
synonym,eşanlamlı,
Synonyms,Eşanlamlılar,
System,Sistem,
System Manager,Sistem Yöneticisi,
System types can not be deleted,Sistem türleri silinemez,
Tampered Access,Kurcalanmış Erişim,
Target ticket does not exist,Hedef talep mevcut değil,
Teal,Turkuaz,
Team,Ekip,
Team Restrictions,Takım Kısıtlamaları,
Template,Şablon,
Template Name,Şablon İsmi,
The 'Closed' status cannot be renamed.,'Kapalı' durumu yeniden adlandırılamaz.,
The Condition '{0}' is invalid: {1},'{0}' koşulu geçersiz: {1},
The holiday on {0} is not between From Date and To Date,{0} tarihindeki tatil Başlangıç Tarihi ile Bitiş Tarihi arasında değil,
The status for sending feedback must be of <u>Resolved</u> category.,Geri bildirim göndermek için durum <u>Çözümlendi</u> kategorisinde olmalıdır.,
This doctype will be deprecated in the future,Bu doctype gelecekte kullanımdan kaldırılacak,
"This field is used to send an email instantly without adding it into the queue. If this field is checked, the email will be sent immediately after clicking the \""Send\"" button, instead of being added to the email queue for later processing.","Bu alan, e-postayı kuyruğa eklemeden anında göndermek için kullanılır. Bu alan işaretlenirse, e-posta \",
"This field is used to skip email-related workflows for tickets. If this field is checked, no emails will be sent related to tickets, such as new ticket creation, status updates, or notifications.","Bu alan, taleplerle ilgili e-posta iş akışlarını atlamak için kullanılır. İşaretlenirse yeni talep oluşturma, durum güncellemeleri veya bildirimler gibi talep ilişkili hiçbir e-posta gönderilmez.",
This method is only meant for developer mode,Bu yöntem yalnızca geliştirici modu için tasarlanmıştır,
This ticket (#{0}) has been merged with ticket <a href = '/helpdesk/tickets/{1}'>#{1}</a>.,"Bu talep (#{0}), <a href = '/helpdesk/tickets/{1}'>#{1}</a> numaralı taleple birleştirildi.",
This ticket has been split to a new ticket. Please follow up on ticket <a href={0}>#{1}</a>.,Bu talep yeni bir talebe bölündü. Lütfen <a href={0}>#{1}</a> numaralı talep üzerinden devam edin.,
Thursday,Perşembe,
Ticket,Talep,
Ticket #{0} copied to clipboard,Talep #{0} panoya kopyalandı,
Ticket Analytics,Talep Analitiği,
Ticket Configuration,Talep Yapılandırması,
Ticket details,Talep detayları,
Ticket does not exist.,Talep mevcut değil.,
Ticket ID,Talep ID,
Ticket Merged,Talep Birleştirildi,
Ticket must be resolved with a feedback,Talep geri bildirim ile çözümlenmelidir,
Ticket Not Found,Talep Bulunamadı,
Ticket not found,Talep bulunamadı,
Ticket not found for the provided key.,Verilen anahtar için talep bulunamadı.,
Ticket Priority,Talep Önceliği,
Ticket Reopen status,Talep Yeniden Açılma durumu,
Ticket Routing,Talep Yönlendirme,
Ticket Split From,Talep Bölünmüş Kaynak,
Ticket Summary,Talep Özeti,
Ticket Type,Talep Türü,
Ticket type,Talep türü,
Ticket type is mandatory,Talep türü zorunludur,
Ticket-Search Analysis,Talep-Arama Analizi,
Tickets,Talepler,
Tickets can only be assigned to agents,Talepler yalnızca temsilcilere atanabilir,
Title,Başlık,
Title Slug,Başlık Kısa Adı,
To,Alıcı,
To Date,Bitiş Tarihi,
To Date cannot be before From Date,"Bitiş Tarihi, Başlangıç Tarihi'nden önce olamaz",
Top Result,En İyi Sonuç,
Total,Toplam,
Total Hold Time,Toplam Bekleme Süresi,
Total Holidays,Toplam Tatil Günü,
Total Ticket,Toplam Talep,
Tuesday,Salı,
Type,Tür,
Type a message,Bir mesaj yazın,
Unassignment condition,Atama kaldırma koşulu,
Unauthorized Access,Yetkisiz Erişim,
Unauthorized access.,Yetkisiz erişim.,
Unclassified,Sınıflandırılmamış,
Understanding ticket view,Talep görünümünü anlama,
Unsaved,Kaydedilmedi,
Unsaved changes,Kaydedilmemiş değişiklikler,
Unspecified,Belirtilmemiş,
Untitled,Başlıksız,
Update status to,Durumu şuna güncelle,
URL/Method,URL/Yöntem,
User,Kullanıcı,
User Not found,Kullanıcı bulunamadı,
User Resolution Time,Kullanıcı Çözüm Süresi,
Users,Kullanıcılar,
Valid From,Geçerlilik Başlangıç Tarihi,
via,üzerinden,
Via Customer Portal,Müşteri Portalı Üzerinden,
viewed this,görüntüledi,
Views,Görüntüleme,
Violet,Mor,
Wednesday,Çarşamba,
Weekly,Haftalık,
Weekly Off,Haftalık İzin,
"When enabled, the ticket status will automatically change to the status selected below whenever the agent responds to a ticket.
","Etkinleştirildiğinde, temsilci talebe yanıt verdiğinde talep durumu aşağıda seçilen duruma otomatik olarak değişir.
",
Word,Kelime,
Workday,Çalışma Günü,
Workday {0} has been repeated.,{0} iş günü tekrarlandı.,
Workflow,İş Akışı,
Working Hours,Çalışma Saatleri,
Yearly,Yıllık,
Yellow,Sarı,
You are all caught up!,Tüm bildirimleriniz güncel!,
You are not allowed to view this dashboard data.,Bu pano verilerini görüntüleme izniniz yok.,
You are not permitted to access this resource.,Bu kaynağa erişim izniniz yok.,
You are not permitted to add a comment,Yorum ekleme izniniz yok,
You can change the default calling medium from the settings,Varsayılan arama ortamını ayarlardan değiştirebilirsiniz,
You cannot disable the default SLA.,Varsayılan SLA'yı devre dışı bırakamazsınız.,
You cannot set more than one Default Priority.,Birden fazla Varsayılan Öncelik belirleyemezsiniz.,
You have already provided feedback for this ticket.,Bu talep için zaten geri bildirim verdiniz.,
You must set one SLA as Default. Please check the Default SLA option.,Bir SLA'yı Varsayılan olarak ayarlamalısınız. Lütfen Varsayılan SLA seçeneğini işaretleyin.,
{0} hours ago,{0} saat önce,
Send Invites,Davetleri Gönder,
Clear All,Tümünü Temizle,
No agents found,Ajan bulunamadı,
Categories,Kategoriler,
Create a ticket &rightarrow;,Ticket oluştur &rightarrow;,
Created By,Oluşturan,
Enabled,Etkin,
Name,İsim,
No answers found,Cevap bulunamadı,
No members found,Üye bulunamadı,
Press enter to search,Aramak için Enter'a basın,
Searching...,Aranıyor...,
You are all caught up!,Hepsi tamam!,
Loading...,Yükleniyor...,
Activity,Aktivite,
added a,ekledi,
Add recurring holidays such as weekends.,Hafta sonu gibi tekrarlayan tatilleri ekleyin.,
Apps,Uygulamalar,
Assignee,Atanan,
changes from,değişiklikler,
Choose how long this SLA policy will be active.,Bu SLA politikasının ne kadar süre aktif olacağını seçin.,
Choose the duration of this holiday list.,Bu tatil listesinin süresini seçin.,
Choose the email service provider you want to configure.,Yapılandırmak istediğiniz e-posta servis sağlayıcısını seçin.,
comment,yorum,
Details,Detaylar,
Edit Email,E-postayı Düzenle,
Email,E-posta,
emails/ comments,e-postalar/ yorumlar,
Field Dependencies,Alan Bağımlılıkları,
Holidays,Tatiller,
Hrs,Saat,
in,içinde,
Min,Dakika,
No field dependencies found.,Alan bağımlılığı bulunamadı.,
No items in the list,Listede öğe yok,
No options found,Seçenek bulunamadı,
No priorities in the list,Listede öncelik yok,
No shortcuts defined,Kısayol tanımlanmamış,
No teams found,Takım bulunamadı,
No workdays in the list,Listede çalışma günü yok,
Other,Diğer,
Pending Invites,Bekleyen Davetler,
Pick an option,Bir seçenek seçin,
Please add an email account to continue.,Devam etmek için lütfen bir e-posta hesabı ekleyin.,
Please select a child field first,Lütfen önce bir alt alan seçin,
Please select a parent field first,Lütfen önce bir üst alan seçin,
Please select a parent value first,Lütfen önce bir üst değer seçin,
Priority,Öncelik,
Rename,Yeniden Adlandır,
Searched for:,Aranan:,
Sec,Saniye,
Select a rating,Bir değerlendirme seçin,
Select child field value,Alt alan değeri seçin,
Select parent field value,Üst alan değeri seçin,
Select time,Zaman seçin,
Service Level Agreements (SLAs),Hizmet Seviyesi Anlaşmaları (SLA),
Settings,Ayarlar,
Setup Email,E-posta Kurulumu,
Status,Durum,
Telephony,Telefon,
TO:,KIME:,
Valid from,Geçerlilik başlangıcı,
via,üzerinden,
(View All),(Tümünü Gör),
View Name,Görünüm Adı,
Add New Customer,Yeni Müşteri Ekle,
No Customers Found,Müşteri Bulunamadı,
New customer,Yeni müşteri,
All available priorities have already been added,Tüm mevcut öncelikler zaten eklenmiş,
Article created,Makale oluşturuldu,
Article deleted,Makale silindi,
Article moved,Makale taşındı,
Articles deleted,Makaleler silindi,
Articles moved,Makaleler taşındı,
Article updated,Makale güncellendi,
Assignment rule created,Atama kuralı oluşturuldu,
Assignment rule deleted,Atama kuralı silindi,
Assignment rule duplicated,Atama kuralı kopyalandı,
Assignment rule updated,Atama kuralı güncellendi,
At least one email is required,En az bir e-posta gereklidir,
At least one email required,En az bir e-posta gerekli,
A workday with this name already exists,Bu adda bir iş günü zaten mevcut,
Brand logo updated,Marka logosu güncellendi,
Cannot enable rule without adding users in it,Kullanıcı eklemeden kural etkinleştirilemez,
Category created,Kategori oluşturuldu,
Category deleted,Kategori silindi,
Category merged,Kategori birleştirildi,
Category updated,Kategori güncellendi,
Comment cannot be empty,Yorum boş olamaz,
Comment deleted,Yorum silindi,
Comment updated,Yorum güncellendi,
Contact created,İletişim oluşturuldu,
Contact invited successfully,İletişim başarıyla davet edildi,
Contact updated,İletişim güncellendi,
Contact with email already exists,Bu e-posta ile iletişim zaten mevcut,
Copied to clipboard,Panoya kopyalandı,
Create New Contact,Yeni İletişim Oluştur,
Customer created,Müşteri oluşturuldu,
Customer name is required,Müşteri adı gereklidir,
Customer updated,Müşteri güncellendi,
Email account created,E-posta hesabı oluşturuldu,
Email account updated successfully,E-posta hesabı başarıyla güncellendi,
Email should not be empty,E-posta boş olmamalıdır,
Emails pulled successfully,E-postalar başarıyla çekildi,
Enter a valid email,Geçerli bir e-posta girin,
Enter a valid phone number,Geçerli bir telefon numarası girin,
Error updating customer,Müşteri güncellenirken hata oluştu,
Error uploading file,Dosya yüklenirken hata oluştu,
Error: Unable to find the holiday to update,Hata: Güncellenecek tatil bulunamadı,
"Failed to update, please try again","Güncelleme başarısız, lütfen tekrar deneyin",
"Favicon updated, please refresh the page to see the changes","Favicon güncellendi, değişiklikleri görmek için sayfayı yenileyin",
Field dependency deleted successfully,Alan bağımlılığı başarıyla silindi,
Field dependency updated successfully.,Alan bağımlılığı başarıyla güncellendi.,
First name should not be empty,Ad boş olmamalıdır,
Holiday already exists,Tatil zaten mevcut,
Holiday list created,Tatil listesi oluşturuldu,
Holiday list deleted,Tatil listesi silindi,
Holiday list duplicated,Tatil listesi kopyalandı,
Holiday list updated,Tatil listesi güncellendi,
Holiday with the same day and repetition already exists,Aynı gün ve tekrarla tatil zaten mevcut,
"Invalid file type, only PNG and JPG images are allowed","Geçersiz dosya türü, yalnızca PNG ve JPG görsellere izin verilir",
Invitation cancelled successfully,Davet başarıyla iptal edildi,
Invites sent successfully!,Davetler başarıyla gönderildi!,
Item(s) deleted successfully,Öğe(ler) başarıyla silindi,
No changes to save,Kaydedilecek değişiklik yok,
Please fill all required fields,Lütfen tüm gerekli alanları doldurun,
Please fill all required fields for Exotel,Lütfen Exotel için tüm gerekli alanları doldurun,
Please fill all required fields for Twilio,Lütfen Twilio için tüm gerekli alanları doldurun,
Please fix the errors in the form,Lütfen formdaki hataları düzeltin,
Please select a day of the week,Lütfen haftanın bir gününü seçin,
Please select a priority,Lütfen bir öncelik seçin,
Please select at least one repetition option,Lütfen en az bir tekrar seçeneği seçin,
Resolution time must be a positive number,Çözüm süresi pozitif bir sayı olmalıdır,
Response time must be a positive number,Yanıt süresi pozitif bir sayı olmalıdır,
SLA policy created,SLA politikası oluşturuldu,
SLA policy deleted,SLA politikası silindi,
SLA policy duplicated,SLA politikası kopyalandı,
SLA policy status updated,SLA politikası durumu güncellendi,
SLA policy updated,SLA politikası güncellendi,
SLA set as default cannot be disabled,Varsayılan olarak ayarlanan SLA devre dışı bırakılamaz,
Subject is required,Konu gereklidir,
Team created,Takım oluşturuldu,
Team deleted,Takım silindi,
Team renamed,Takım yeniden adlandırıldı,
Telephony settings updated!,Telefon ayarları güncellendi!,
Ticket closed,Ticket kapatıldı,
Ticket merged successfully,Ticket başarıyla birleştirildi,
Ticket not found,Ticket bulunamadı,
Ticket split successfully,Ticket başarıyla bölündü,
Ticket updated,Ticket güncellendi,
Unable to make call.,Arama yapılamıyor.,
Workday added,İş günü eklendi,
Workday updated,İş günü güncellendi,
Comma separated emails to invite,Davet etmek için virgülle ayrılmış e-postalar,
"Easily invite new agents, managers, or admins","Kolayca yeni temsilciler, yöneticiler veya yöneticiler davet edin",
Send Invites,Davetleri Gönder,
Configure your telephony settings.,Telefon ayarlarınızı yapılandırın.,
"Set your team's working days, hours, and holidays using a template or custom schedule.","Ekibinizin çalışma günlerini, saatlerini ve tatillerini bir şablon veya özel program kullanarak ayarlayın.",
Customise Helpdesk with your own branding.,Yardım Masasını kendi markanızla özelleştirin.,
Manage your email accounts and configure incoming and outgoing settings.,E-posta hesaplarınızı yönetin ve gelen ve giden ayarlarını yapılandırın.,
Create and manage teams and assign agents to specific teams.,"Takımlar oluşturun, yönetin ve belirli takımlara temsilciler atayın.",
"Can work on tickets, create custom views and manage private views.","Biletler üzerinde çalışabilir, özel görünümler oluşturabilir ve özel görünümleri yönetebilir.",
Response did not help,Yanıt yardımcı olmadı,
No resolution provided,Çözüm sağlanmadı,
Delayed response time,Gecikmeli yanıt süresi,
"Adequate help, bit slow","Yeterli yardım, biraz yavaş",
Clear guidance given,Net yönlendirme verildi,
"Helpful answers, reasonable wait","Faydalı cevaplar, makul bekleme",
Quick and precise solutions,Hızlı ve kesin çözümler,
"Prompt, informative support","Hızlı, bilgilendirici destek",
Exceptional support experience,Olağanüstü destek deneyimi,
"Instant, top-notch help","Anında, birinci sınıf yardım",
Tell us more,Daha fazla ayrıntı,
Today,Bugün,
Last 7 Days,Son 7 Gün,
Last 30 Days,Son 30 Gün,
Last 60 Days,Son 60 Gün,
Last 90 Days,Son 90 Gün,
Custom Range,Özel Aralık,
Select Range,Aralık Seçin,
Period,Dönem,
Tickets by Team,Ekibe Göre Talepler,
Percentage of Total Tickets by Team,Toplam Taleplerin Ekibe Göre Yüzdesi,
Total Tickets by Team,Ekibe Göre Toplam Talepler,
Tickets by Type,Türe Göre Talepler,
Percentage of Total Tickets by Type,Toplam Taleplerin Türe Göre Yüzdesi,
Total Tickets by Type,Türe Göre Toplam Talepler,
Tickets by Priority,Önceliğe Göre Talepler,
Percentage of Total Tickets by Priority,Toplam Taleplerin Önceliğe Göre Yüzdesi,
Total Tickets by Priority,Önceliğe Göre Toplam Talepler,
Tickets by Channel,Kanala Göre Talepler,
Percentage of Total Tickets by Channel,Toplam Taleplerin Kanala Göre Yüzdesi,
Ticket Trend,Talep Trendi,
Average tickets per day is around {0},Günlük ortalama talep sayısı yaklaşık {0},
Feedback Trend,Geri Bildirim Trendi,
Average feedback rating per day is around {0} stars,Günlük ortalama geri bildirim puanı yaklaşık {0} yıldız,
Rated Tickets,Puanlanan Talepler,
Type,Tür,
Add,Ekle,
Enter Customer,Müşteri Girin,
Enter Team,Ekip Girin,
Select Priority,Öncelik Seçin,
Select Ticket Type,Talep Türü Seçin,
Recent Tickets,Son Talepler,
Similar Tickets,Benzer Talepler,
Completed,Tamamlandı,
Replied,Yanıtlandı,
Closed,Kapatıldı,
% SLA Fulfilled,% SLA Yerine Getirildi,
% of tickets created that were resolved within SLA,SLA içinde çözülen oluşturulan taleplerin %'si,
@John could you please look into this?,@John bu konuya bakabilir misiniz?,
@me,@ben,
A short description,Kısa bir açıklama,
API Key,API Anahtarı,
API Secret,API Gizli Anahtarı,
Accept,Kabul Et,
Account Name,Hesap Adı,
Account SID,Hesap SID,
Active,Aktif,
Add Column,Sütun Ekle,
Add Column After,Sonrasına Sütun Ekle,
Add Column Before,Öncesine Sütun Ekle,
Add Filter,Filtre Ekle,
Add Holiday,Tatil Ekle,
Add Holidays,Tatiller Ekle,
Add New Article,Yeni Makale Ekle,
Add Recurring Holiday,Yinelenen Tatil Ekle,
Add Row After,Sonrasına Satır Ekle,
Add Row Before,Öncesine Satır Ekle,
Add Sort,Sıralama Ekle,
Add a subject for the new ticket,Yeni talep için konu ekleyin,
Add condition group,Koşul grubu ekle,
Add new,Yeni ekle,
Align Center,Ortala,
Align Left,Sola Hizala,
Align Right,Sağa Hizala,
Any,Herhangi,
Apply,Uygula,
Are you sure you want to delete this team? This action cannot be reversed!,Bu ekibi silmek istediğinizden emin misiniz? Bu işlem geri alınamaz!,
Ask a question...,Bir soru sorun...,
Assign Condition JSON,Atama Koşulu JSON,
Assign To,Şuna Ata,
Assign by workload,İş yüküne göre ata,
Assigned to,Atanan,
At least one feedback option must be enabled for rating {0},{0} değerlendirmesi için en az bir geri bildirim seçeneği etkin olmalıdır,
Auth Token,Kimlik Doğrulama Token,
Auto-rotate,Otomatik döndür,
Avg. Feedback Rating,Ort. Geri Bildirim Puanı,
Avg. First Response,Ort. İlk Yanıt,
Avg. Resolution,Ort. Çözüm,
Avg. feedback rating for the tickets resolved,Çözülen talepler için ortalama geri bildirim puanı,
Avg. time taken to first respond to a ticket,Bir talebe ilk yanıt vermek için geçen ortalama süre,
Avg. time taken to resolve a ticket,Bir talebi çözmek için geçen ortalama süre,
Back,Geri,
Between,Arasında,
Blockquote,Alıntı,
Bold,Kalın,
Brand Favicon,Marka Favicon,
Brand Logo,Marka Logosu,
Bug,Hata,
Bullet List,Madde İşaretli Liste,
Business Holidays,İş Tatilleri,
Busy,Meşgul,
Call Received By,Çağrıyı Alan,
Caller,Arayan,
Calling Medium,Arama Ortamı,
Calls,Aramalar,
Cancel,İptal,
Canceled,İptal Edildi,
Clear,Temizle,
Clear Sort,Sıralamayı Temizle,
Clear all Filter,Tüm Filtreleri Temizle,
Clear all filters,Tüm filtreleri temizle,
Close Ticket,Talebi Kapat,
Code,Kod,
Comments,Yorumlar,
Confirm,Onayla,
Confirm Delete,Silmeyi Onayla,
Confirm overwrite,Üzerine yazmayı onayla,
Create New,Yeni Oluştur,
Create dependencies between fields to dynamically control options based on user selections.,Kullanıcı seçimlerine göre seçenekleri dinamik olarak kontrol etmek için alanlar arasında bağımlılıklar oluşturun.,
Create new business holiday,Yeni iş tatili oluştur,
Created,Oluşturuldu,
Created On,Oluşturulma Tarihi,
Customer Query Resolved,Müşteri Sorgusu Çözüldü,
Customise your Helpdesk,Yardım Masanızı Özelleştirin,
Day,Gün,
Days,Günler,
Default Incoming,Varsayılan Gelen,
Default Outgoing,Varsayılan Giden,
Default medium,Varsayılan ortam,
Delete,Sil,
Delete Article,Makaleyi Sil,
Delete Column,Sütunu Sil,
Delete Comment,Yorumu Sil,
Delete Row,Satırı Sil,
Delete Table,Tabloyu Sil,
Delete articles?,Makaleleri sil?,
Delete category?,Kategoriyi sil?,
Delete team,Ekibi sil,
Desk,Masaüstü,
Detailed explanation,Detaylı açıklama,
Disable Agent,Temsilciyi Devre Dışı Bırak,
Discard,Vazgeç,
Discard Article,Makaleyi Vazgeç,
Discard changes?,Değişikliklerden vazgeç?,
Download,İndir,
Duplicate Holiday List,Tatil Listesini Kopyala,
Duplicate SLA Policy,SLA Politikasını Kopyala,
Duration,Süre,
Edit,Düzenle,
Edit Title,Başlığı Düzenle,
Edit response and resolution,Yanıt ve çözümü düzenle,
Email ID,E-posta ID,
Email Id,E-posta Id,
Emails,E-postalar,
Enable Agent,Temsilciyi Etkinleştir,
Enable Incoming,Geleni Etkinleştir,
Enable Outgoing,Gideni Etkinleştir,
End time,Bitiş zamanı,
Equals,Eşittir,
Every fifth week,Her beşinci hafta,
Every first week,Her ilk hafta,
Every fourth week,Her dördüncü hafta,
Every second week,Her ikinci hafta,
Every third week,Her üçüncü hafta,
Every week,Her hafta,
Exotel number,Exotel numarası,
Expected Resolution,Beklenen Çözüm,
Export,Dışa Aktar,
Export Type,Dışa Aktarma Türü,
Fiber altyapÄ± sorgulama sonucu alamÄ±yorum,Fiber altyapı sorgulama sonucu alamıyorum,
Field,Alan,
First Name,Ad,
First name,Ad,
Font Color,Yazı Rengi,
Frappe Helpdesk,HelpdeskAI,
Frappe Mail Site,HelpdeskAI Mail Website,
From (number),Kimden (numara),
From date,Başlangıç tarihi,
General,Genel,
Getting started,Başlangıç,
HD Service Holiday List Name,HD Hizmet Tatil Listesi Adı,
Heading 1,Başlık 1,
Heading 2,Başlık 2,
Heading 3,Başlık 3,
Heading 4,Başlık 4,
Heading 5,Başlık 5,
Heading 6,Başlık 6,
Help centre,Yardım merkezi,
Horizontal Rule,Yatay Çizgi,
"I understand, add conditions","Anlıyorum, koşulları ekle",
In,İçinde,
In Progress,Devam Ediyor,
Inactive,Pasif,
Incoming,Gelen,
Initiated,Başlatıldı,
Insert Table,Tablo Ekle,
Integrations,Entegrasyonlar,
Invite Agents,Temsilcileri Davet Et,
Invite as user,Kullanıcı olarak davet et,
Invite by email,E-posta ile davet et,
Is,Eşittir,
Italic,İtalik,
Jump to,Git,
Jump to ticket,Talebe git,
Last 6 Months,Son 6 Ay,
Last Month,Geçen Ay,
Last Name,Soyad,
Last Quarter,Geçen Çeyrek,
Last Updated By,Son Güncelleyen,
Last Updated On,Son Güncelleme Tarihi,
Last Week,Geçen Hafta,
Last Year,Geçen Yıl,
Learn more about SLA,SLA hakkında daha fazla bilgi,
Like,Gibi,
Link to a customer,Müşteriye bağla,
List View,Liste Görünümü,
Load More,Daha Fazla Yükle,
Log a Call,Arama Kaydet,
Login to Frappe Cloud,Frappe Cloud'a Giriş Yap,
Login to Frappe Cloud?,Frappe Cloud'a giriş yapılsın mı?,
Low-Medium,Düşük-Orta,
Make a Call,Arama Yap,
Make call,Arama yap,
Manager,Yönetici,
Mark all as read,Tümünü okundu olarak işaretle,
Medium-High,Orta-Yüksek,
Members,Üyeler,
Merge,Birleştir,
Merge Cells,Hücreleri Birleştir,
Merge Ticket,Talebi Birleştir,
Merge with another category,Başka bir kategori ile birleştir,
Merge with another ticket,Başka bir talep ile birleştir,
Mobile Number,Cep Telefonu,
Modified By,Değiştiren,
Modified On,Değiştirilme Tarihi,
Move,Taşı,
Move To,Şuraya Taşı,
My Filter,Filtrem,
My Open Tickets,Açık Taleplerim,
"National holiday, etc.","Ulusal tatil, vb.",
Nested conditions,İç içe koşullar,
New Article,Yeni Makale,
New Call Log,Yeni Arama Kaydı,
New Canned Response,Yeni Hazır Yanıt,
New Comment,Yeni Yorum,
New Email,Yeni E-posta,
New Holiday List Name,Yeni Tatil Listesi Adı,
New SLA Policy Name,Yeni SLA Politikası Adı,
New Subject,Yeni Konu,
New Ticket,Yeni Talep,
New Ticket Subject,Yeni Talep Konusu,
New contact,Yeni kişi,
New team,Yeni ekip,
Next 6 Months,Önümüzdeki 6 Ay,
Next Month,Gelecek Ay,
Next Quarter,Gelecek Çeyrek,
Next Week,Gelecek Hafta,
Next Year,Gelecek Yıl,
No,Hayır,
No Answer,Cevap Yok,
No Canned Responses Found,Hazır Yanıt Bulunamadı,
No Contacts Found,Kişi Bulunamadı,
No Data,Veri Yok,
No Data Found,Veri Bulunamadı,
No templates found,Şablon bulunamadı,
Not Equals,Eşit Değil,
Not In,İçinde Değil,
Not Like,Benzemez,
Not Saved,Kaydedilmedi,
Not Set,Ayarlanmadı,
Now,Şimdi,
Numbered List,Numaralı Liste,
NÃ¶tr,Nötr,
Open nested conditions,İç içe koşulları aç,
Options,Seçenekler,
Outgoing,Giden,
Owner,Sahip,
Paragraph,Paragraf,
Password,Şifre,
Personal mobile no,Kişisel cep telefonu,
Phone,Telefon,
Product Experts,Ürün Uzmanları,
Product experts,Ürün uzmanları,
Pull Emails,E-postaları Çek,
Question,Soru,
Queued,Kuyrukta,
Rate this ticket,Bu talebi değerlendirin,
Receiver,Alıcı,
Record Calls,Aramaları Kaydet,
Redo,Yinele,
Refresh,Yenile,
Refresh Apps,Uygulamaları Yenile,
Reject,Reddet,
Remove,Kaldır,
Remove group,Grubu kaldır,
Remove photo,Fotoğrafı kaldır,
Rename Subject,Konuyu Yeniden Adlandır,
Rename team,Ekibi yeniden adlandır,
Repetition,Tekrar,
Reply,Yanıtla,
Reset,Sıfırla,
Reset Changes,Değişiklikleri Sıfırla,
Reset all,Tümünü sıfırla,
Reset onboarding steps,Başlangıç adımlarını sıfırla,
Reset to Default,Varsayılana Sıfırla,
Response time,Yanıt süresi,
Ringing,Çalıyor,
Role,Rol,
SLA Policies,SLA Politikaları,
SLAs align your team and customers with defined timelines for a reliable experience.,SLA'lar ekibinizi ve müşterilerinizi güvenilir bir deneyim için belirli zaman dilimleri ile uyumlu hale getirir.,
Search agents,Temsilcileri ara,
Search articles...,Makaleleri ara...,
Search by keyword,Anahtar kelimeye göre ara,
Search canned responses,Hazır yanıtları ara,
Search index not available. Please contact administrator.,Arama dizini mevcut değil. Lütfen yöneticiye başvurun.,
Search members,Üyeleri ara,
Search query must be at least 2 characters,Arama sorgusu en az 2 karakter olmalıdır,
"Search tickets, comments, and communications...","Talepleri, yorumları ve iletişimleri ara...",
"Search tickets, emails, comments, or #234 to navigate to ticket","Talepleri, e-postaları, yorumları arayın veya #234 ile talebe gidin",
Select,Seç,
Select All,Tümünü Seç,
Select Category,Kategori Seç,
Select Child Field values,Alt Alan değerlerini seç,
Select Ticket,Talep Seç,
Select Workday,İş Günü Seç,
Select an option,Bir seçenek seçin,
Select options...,Seçenekleri seçin...,
Send,Gönder,
Set,Ayarla,
Set Phone Number,Telefon Numarası Ayarla,
Set as default SLA,Varsayılan SLA olarak ayarla,
Set default priority,Varsayılan önceliği ayarla,
"Set working days, hours, and holidays by selecting a predefined schedule or creating a new one.","Önceden tanımlanmış bir program seçerek veya yeni bir tane oluşturarak çalışma günlerini, saatlerini ve tatilleri ayarlayın.",
Share,Paylaş,
Shortcuts,Kısayollar,
Site Down,Site Çalışmıyor,
Skip,Atla,
Skip all,Tümünü atla,
Sort,Sırala,
Source,Kaynak,
Split Cell,Hücreyi Böl,
Split Ticket,Talebi Böl,
Split into new ticket,Yeni talebe böl,
Split ticket,Talebi böl,
Start time,Başlangıç zamanı,
Strikethrough,Üstü Çizili,
Subdomain,Alt Alan Adı,
Support / Sales,Destek / Satış,
Support Issues,Destek Sorunları,
Task List,Görev Listesi,
Teams,Ekipler,
Test Ticket,Test Talebi,
This Month,Bu Ay,
This Quarter,Bu Çeyrek,
This Week,Bu Hafta,
This Year,Bu Yıl,
Ticket Subject,Talep Konusu,
Ticket reopen status,Talep yeniden açma durumu,
Timespan,Zaman Aralığı,
To (number),Kime (numara),
To date,Bitiş tarihi,
Toggle Header Cell,Başlık Hücresini Değiştir,
Toggle Header Column,Başlık Sütununu Değiştir,
Toggle Header Row,Başlık Satırını Değiştir,
Tomorrow,Yarın,
Total number of tickets created,Oluşturulan toplam talep sayısı,
Turn into a group,Gruba dönüştür,
TwiML App Name,TwiML Uygulama Adı,
TwiML App SID,TwiML Uygulama SID,
Twilio number,Twilio numarası,
Type emails,E-postaları yazın,
Unassign Condition JSON,Atama Kaldırma Koşulu JSON,
Underline,Altı Çizili,
Undo,Geri Al,
Ungroup conditions,Koşul grubunu çöz,
Update,Güncelle,
Update Account,Hesabı Güncelle,
Upgrade plan,Planı yükselt,
Upload Image,Resim Yükle,
View Assignment rule,Atama kuralını görüntüle,
Webhook Verify Token,Webhook Doğrulama Token,
Width,Genişlik,
Write your article here...,Makalenizi buraya yazın...,
YalÄ±n Ä°nternet paketi telefon hattÄ± olmadan alÄ±nÄ±r mÄ±?,Yalın İnternet paketi telefon hattı olmadan alınır mı?,
Yes,Evet,
Yesterday,Dün,
Your query has been resolved. Thank you for reaching out.,Sorgunuz çözüldü. Bize ulaştığınız için teşekkür ederiz.,
condition,koşul,
description,açıklama,
desk,masaüstü,
"eg: tesla.com, mycompany.com","örn: tesla.com, sirketim.com",
example.com,ornek.com,
func.def,fonk.tanım,
https://frappemail.com,https://brvsoftware.com.tr,
john.doe@example.com,ahmet.yilmaz@ornek.com,
johndoe@example.com,ahmetyilmaz@ornek.com,
operator,operatör,
symbol,sembol,
"user1@example.com, user2@example.com, ...","kullanici1@ornek.com, kullanici2@ornek.com, ...",
"Can invite new agents, manage tickets, create custom views and manage public views.","Yeni ajanlar davet edebilir, talepleri yönetebilir, özel görünümler oluşturabilir ve genel görünümleri yönetebilir.",
Can manage all aspects of Helpdesk.,Yardım Masasının tüm özelliklerini yönetebilir.,
"Hi John, we are looking into this issue.","Merhaba John, bu sorunu inceliyoruz.",
"If enabled, all outgoing emails will be sent from this account. Note: Only one account can be default outgoing.","Etkinleştirilirse, tüm giden e-postalar bu hesaptan gönderilir. Not: Yalnızca bir hesap varsayılan giden hesap olabilir.",
"If enabled, all replies to your company (eg: replies@yourcomany.com) will come to this account. Note: Only one account can be default incoming.","Etkinleştirilirse, şirketinize gelen tüm yanıtlar (örn: yanitlar@sirketiniz.com) bu hesaba gelir. Not: Yalnızca bir hesap varsayılan gelen hesap olabilir.",
"If enabled, outgoing emails can be sent from this account.","Etkinleştirilirse, bu hesaptan giden e-postalar gönderilebilir.",
"If enabled, tickets can be created from the incoming emails on this account.","Etkinleştirilirse, bu hesaba gelen e-postalardan talepler oluşturulabilir.",
"Width can be in number, pixel or rem (eg. 3, 30px, 10rem)","Genişlik sayı, piksel veya rem olabilir (örn. 3, 30px, 10rem)",
"To know more about setting up email accounts, click",E-posta hesapları ayarlama hakkında daha fazla bilgi için tıklayın,
just now,az önce,
{0} ago,{0} önce,
in {0},{0} içinde,
yesterday,dün,
tomorrow,yarın,
last week,geçen hafta,
next week,gelecek hafta,
last month,geçen ay,
next month,gelecek ay,
last year,geçen yıl,
next year,gelecek yıl,
days,gün,
weeks,hafta,
months,ay,
years,yıl,
hours,saat,
minutes,dakika,
seconds,saniye,
invalid date,geçersiz tarih,
You have a new reply on this ticket,Bu talep hakkında yeni bir yanıt aldınız,
Message,Mesaj,
Please visit the customer portal to reply to this message,Bu mesaja yanıt vermek için lütfen müşteri portalını ziyaret edin,
View in Portal,Portalde Görüntüle,
You have a new reply on the ticket,Talep hakkında yeni bir yanıt aldınız,
Raised By,Tarafından Oluşturuldu,
You can view and respond to this ticket by,Bu talebi görüntüleyip yanıtlamak için,
clicking here,buraya tıklayın,
Regards,Saygılarımızla,
Support Team,Destek Ekibi,
Thanks for reaching out to us. We'd love your feedback on your recent support experience with ticket,Bize ulaştığınız için teşekkürler. Talep ile ilgili son destek deneyiminiz hakkında geri bildiriminizi almayı çok isteriz,
Share Feedback,Geri Bildirim Paylaş,
Thank you!,Teşekkür ederiz!,
Hi,Merhaba,
Thank you for reaching out to us. We've received your request and created a support ticket.,Bize ulaştığınız için teşekkür ederiz. Talebinizi aldık ve bir destek talebi oluşturduk.,
Ticket ID,Talep Numarası,
Our team is reviewing it and will get back to you shortly.,Ekibimiz inceliyor ve en kısa sürede size geri dönüş yapacak.,
Best,İyi çalışmalar,
Send (⌘ + ⏎),Gönder (⌘ + ⏎),
Send (Ctrl + ⏎),Gönder (Ctrl + ⏎),
Comment (⌘ + ⏎),Yorum (⌘ + ⏎),
Comment (Ctrl + ⏎),Yorum (Ctrl + ⏎),
Create Category,Kategori Oluştur,
Edit Category,Kategoriyi Düzenle,
Please enter a subject to continue,Devam etmek için lütfen bir konu girin,
Edit Call Log,Arama Kaydını Düzenle,
Access all team tickets,Tüm ekip taleplerine erişim,
Access only this team's tickets,Yalnızca bu ekibin taleplerine erişim,
Make Private,Özel Yap,
Make Public,Herkese Açık Yap,
Duplicate View,Görünümü Kopyala,
Pin View,Görünümü Sabitle,
Unpin View,Görünümü Sabitlemeyi Kaldır,
No new notifications,Yeni bildirim yok,
Empty - Choose a field to filter by,Boş - Filtrelemek için bir alan seçin,
Empty - Choose a field to sort by,Boş - Sıralamak için bir alan seçin,
Disable Bypass Restrictions,Kısıtlamaları Atlamayı Devre Dışı Bırak,
Enable Bypass Restrictions,Kısıtlamaları Atlamayı Etkinleştir,
Field Dependency created successfully,Alan Bağımlılığı başarıyla oluşturuldu,
Field Dependency updated successfully,Alan Bağımlılığı başarıyla güncellendi,
Members of this team will be able to see the tickets assigned to all the teams,"Bu ekibin üyeleri, tüm ekiplere atanan talepleri görebilecektir",
Members of this team will see the tickets assigned to this team only,Bu ekibin üyeleri yalnızca bu ekibe atanan talepleri görecektir,
Add time targets around support milestones like first reply and resolution times,İlk yanıt ve çözüm süreleri gibi destek kilometre taşları etrafında zaman hedefleri ekleyin,
Assignment conditions,Atama koşulları,
Can't find what you're looking for?,Aradığınızı bulamıyor musunuz?,
Child Field,Alt Alan,
Choose which tickets are affected by this policy.,Bu politikadan hangi taleplerin etkileneceğini seçin.,
Conditions for this SLA were created from,Bu SLA için koşullar şuradan oluşturuldu,
Conditions for this rule were created from,Bu kural için koşullar şuradan oluşturuldu,
Did this article solve your issue?,Bu makale sorununuzu çözdü mü?,
Parent Field,Üst Alan,
Response and resolution,Yanıt ve çözüm,
"Set the default status assigned when a ticket is created, and the status to apply when a ticket is reopened. If not specified, the default status from HD Settings will be used.","Talep oluşturulduğunda atanan varsayılan durumu ve talep yeniden açıldığında uygulanacak durumu ayarlayın. Belirtilmezse, HD Ayarlarından varsayılan durum kullanılacaktır.",
Status details,Durum ayrıntıları,
"which are not compatible with this UI, you will need to recreate the conditions here if you want to manage and add new conditions from this UI.","bu UI ile uyumlu değil, bu UI'dan koşulları yönetmek ve yeni koşullar eklemek istiyorsanız koşulları burada yeniden oluşturmanız gerekecektir.",
